{
	"f3898f73-5522-4ade-adf5-0501d43f374f": {
		"definition": "-2.5%anvil",
		"x": 0,
		"y": 0,
		"root": true
	},
	"a34ab9fa-70a4-4b2c-8033-92215103ea3c": {
		"definition": "-2.5%anvil",
		"x": 64,
		"y": -36.95041722813605,
		"root": false
	},
	"546bbf10-e108-44d9-83d0-31736507024f": {
		"definition": "-2.5%anvil",
		"x": -64,
		"y": -36.95041722813605,
		"root": false
	},
	"e0aa92a1-b967-4116-82bf-c676b9dd9035": {
		"definition": "-2.5%anvil",
		"x": 0,
		"y": 73.9008344562721,
		"root": false
	},
	"702d1605-b8bf-492f-81e5-6bb178552349": {
		"definition": "-2.5%anvil",
		"x": 96,
		"y": 55.42562584220407,
		"root": false
	},
	"d2787bb0-3566-4053-9ee7-5dd4fbb369d3": {
		"definition": "-2.5%anvil",
		"x": -96,
		"y": 55.42562584220407,
		"root": false
	},
	"d4b5e5b0-a437-4524-8a13-7fa56fb29ec4": {
		"definition": "-2.5%anvil",
		"x": 0,
		"y": -110.85125168440814,
		"root": false
	},
	"b9787bab-d15e-4d5e-b4e7-ae1c51659854": {
		"definition": "-2.5%speed",
		"x": 160,
		"y": -92.37604307034012,
		"root": false
	},
	"43844a1a-7ea0-4a6b-9154-c0de5665318b": {
		"definition": "-2.5%speed",
		"x": -160,
		"y": -92.37604307034012,
		"root": false
	},
	"fde7017a-ef0e-4a32-a917-acf1fee4a11c": {
		"definition": "-2.5%speed",
		"x": 0,
		"y": 184.75208614068023,
		"root": false
	},
	"794860b2-c9f8-491f-ad15-e254f0402e2b": {
		"definition": "-2.5%anvil",
		"x": 192,
		"y": 0,
		"root": false
	},
	"d2af8c9f-cb76-47a4-8bda-e254ada01ef2": {
		"definition": "-2.5%anvil",
		"x": 96,
		"y": 166.27687752661222,
		"root": false
	},
	"a3757deb-9c32-42fc-bfbf-06a916ed2002": {
		"definition": "-2.5%anvil",
		"x": -96,
		"y": 166.27687752661222,
		"root": false
	},
	"1fe23b9f-bcb2-4ff3-a41b-01eca3572c0e": {
		"definition": "-2.5%anvil",
		"x": -192,
		"y": 0,
		"root": false
	},
	"0c79369b-4154-427f-bc41-40530922e9fd": {
		"definition": "-2.5%anvil",
		"x": -96,
		"y": -166.27687752661222,
		"root": false
	},
	"e4abccb5-05be-4959-9080-ebc3da8f9431": {
		"definition": "-2.5%anvil",
		"x": 96,
		"y": -166.27687752661222,
		"root": false
	},
	"fa79eaeb-2437-40a1-abee-6a164877dc1d": {
		"definition": "2.5%resistance",
		"x": 96,
		"y": 92.37604307034012,
		"root": false
	},
	"08315fbe-3d95-4747-a192-c9f5d8c1d19e": {
		"definition": "2.5%resistance",
		"x": 128,
		"y": 36.95041722813605,
		"root": false
	},
	"eb2822a2-6576-4fc6-918b-01cff77002e5": {
		"definition": "2.5%resistance",
		"x": 32,
		"y": -129.32646029847615,
		"root": false
	},
	"c0533699-ad4a-40c8-b5f6-9edd172d69f9": {
		"definition": "2.5%resistance",
		"x": -32,
		"y": -129.32646029847615,
		"root": false
	},
	"ca3e6b2c-d720-439f-8558-19a4496a0bea": {
		"definition": "2.5%resistance",
		"x": -128,
		"y": 36.95041722813605,
		"root": false
	},
	"7179a056-ac92-4e66-a632-2e365c13f5cb": {
		"definition": "2.5%resistance",
		"x": -96,
		"y": 92.37604307034012,
		"root": false
	},
	"fbcf6f92-43a6-47dd-aa51-38f1da46b085": {
		"definition": "-2.5%anvil",
		"x": 0,
		"y": -221.70250336881628,
		"root": false
	},
	"8ef83d99-0ec7-4125-ac25-b223e4951196": {
		"definition": "-2.5%anvil",
		"x": 192,
		"y": 110.85125168440814,
		"root": false
	},
	"d443c8dd-66e4-4130-8991-2ebc051d6d40": {
		"definition": "-2.5%anvil",
		"x": -192,
		"y": 110.85125168440814,
		"root": false
	},
	"3d08e6c1-816c-4583-8b50-600c948e13a4": {
		"definition": "-2.5%speed",
		"x": 256,
		"y": 147.8016689125442,
		"root": false
	},
	"e2c3542d-8cf2-4fda-be0d-ca5c16498e68": {
		"definition": "-2.5%anvil",
		"x": 256,
		"y": 36.95041722813605,
		"root": false
	},
	"93e6ecce-05a7-4ab7-84a2-ce91629c5b6c": {
		"definition": "-2.5%anvil",
		"x": 160,
		"y": 203.22729475474824,
		"root": false
	},
	"2ae0ed67-6947-4a2d-89cd-52595749e849": {
		"definition": "-2.5%speed",
		"x": 0,
		"y": -295.6033378250884,
		"root": false
	},
	"5aaef5bd-52d6-4de9-80a1-751ee6567797": {
		"definition": "-2.5%speed",
		"x": -256,
		"y": 147.8016689125442,
		"root": false
	},
	"4fa082c5-301f-4416-a111-424c528b2029": {
		"definition": "-2.5%anvil",
		"x": -256,
		"y": 36.95041722813605,
		"root": false
	},
	"a87ee241-34fc-4889-8a1a-5769f8bacbf5": {
		"definition": "-2.5%anvil",
		"x": -160,
		"y": 203.22729475474824,
		"root": false
	},
	"666ea78d-943e-4cad-84dd-78977589e70a": {
		"definition": "-2.5%anvil",
		"x": 96,
		"y": -240.17771198288432,
		"root": false
	},
	"6f4d6eab-97c1-4f12-b5e4-690adf840ede": {
		"definition": "-2.5%anvil",
		"x": -96,
		"y": -240.17771198288432,
		"root": false
	},
	"013e6715-31c4-4290-8b74-ab2e85c78801": {
		"definition": "2.5%resistance",
		"x": -32,
		"y": 277.12812921102034,
		"root": false
	},
	"b4f19bbd-3186-4b3b-be5f-1306ffb26b4a": {
		"definition": "2.5%resistance",
		"x": 32,
		"y": 277.12812921102034,
		"root": false
	},
	"9d24f3af-d8d5-49b9-a47d-37f46d82934b": {
		"definition": "2.5%resistance",
		"x": 256,
		"y": -110.85125168440811,
		"root": false
	},
	"de222bd8-61a6-45b5-878a-06bbe09d8e1e": {
		"definition": "2.5%resistance",
		"x": 224,
		"y": -166.27687752661222,
		"root": false
	},
	"c5c9974d-3f44-4af6-8627-c842899a001e": {
		"definition": "2.5%resistance",
		"x": -224,
		"y": -166.2768775266122,
		"root": false
	},
	"87d5b88b-34a6-4e90-8079-2df80e1b535e": {
		"definition": "2.5%resistance",
		"x": -256,
		"y": -110.85125168440814,
		"root": false
	}
}